Customers (D),Visits,Show,Spend,Customers (S),Media Week
2,13,A Sandwich & Some Lovin,$550 ,3,11/12/18
0,11,Alison Rosen is Your New Best Friend,"$1,059 ",3,11/12/18
11,88,Bertcasts Podcast,"$3,530 ",13,11/12/18
0,1,Don't Keep Your Day Job,$0 ,0,11/12/18
0,0,Hollywood Unlocked UNCENSORED,$0 ,0,11/12/18
0,2,Lady to Lady,$400 ,2,11/12/18
0,0,Other,$0 ,10,11/12/18
0,0,Story Worthy,$0 ,0,11/12/18
0,0,Stuff You Should Know,$0 ,4,11/12/18
0,0,The Big O and Dukes Podcast,$0 ,1,11/12/18
1,8,The Daily Dish,"$1,200 ",5,11/12/18
0,15,The Hagmann Report,$475 ,2,11/12/18
1,14,The Happy Never After Podcast,$0 ,1,11/12/18
2,25,The Mike O'Meara Show,$550 ,2,11/12/18
0,0,The Tai Lopez Show,$0 ,0,11/12/18
0,0,Wine and Crime,$0 ,1,11/12/18
0,0,A Sandwich & Some Lovin,$0 ,3,11/19/18
0,5,Alison Rosen is Your New Best Friend,$0 ,0,11/19/18
0,17,Bertcasts Podcast,$0 ,2,11/19/18
0,2,Don't Keep Your Day Job,"$1,471 ",0,11/19/18
0,4,Hollywood Unlocked UNCENSORED,"$1,400 ",0,11/19/18
0,0,Lady to Lady,$0 ,1,11/19/18
0,0,Other,$0 ,13,11/19/18
0,0,Story Worthy,$250 ,0,11/19/18
22,86,Stuff You Should Know,"$7,425 ",32,11/19/18
0,0,The Big O and Dukes Podcast,$0 ,0,11/19/18
1,5,The Daily Dish,$0 ,4,11/19/18
0,1,The Hagmann Report,$0 ,0,11/19/18
0,0,The Happy Never After Podcast,$290 ,3,11/19/18
2,38,The Mike O'Meara Show,$0 ,2,11/19/18
0,0,The Tai Lopez Show,$0 ,0,11/19/18
12,22,Wine and Crime,"$1,324 ",19,11/19/18
0,3,A Sandwich & Some Lovin,$0 ,1,11/26/18
0,3,Alison Rosen is Your New Best Friend,$0 ,1,11/26/18
0,15,Bertcasts Podcast,$0 ,2,11/26/18
0,5,Don't Keep Your Day Job,$0 ,1,11/26/18
0,5,Hollywood Unlocked UNCENSORED,$0 ,2,11/26/18
0,0,Lady to Lady,$0 ,1,11/26/18
0,0,Other,$0 ,6,11/26/18
0,0,Story Worthy,$0 ,0,11/26/18
3,12,Stuff You Should Know,$0 ,10,11/26/18
1,2,The Big O and Dukes Podcast,$400 ,1,11/26/18
1,6,The Daily Dish,$0 ,1,11/26/18
0,4,The Hagmann Report,$0 ,0,11/26/18
1,2,The Happy Never After Podcast,$0 ,2,11/26/18
1,31,The Mike O'Meara Show,$0 ,2,11/26/18
0,0,The Tai Lopez Show,$0 ,1,11/26/18
12,35,Wine and Crime,$0 ,17,11/26/18
4,22,A Sandwich & Some Lovin,$550 ,4,12/3/18
4,17,Alison Rosen is Your New Best Friend,"$1,059 ",4,12/3/18
4,48,Bertcasts Podcast,"$3,530 ",5,12/3/18
0,0,Don't Keep Your Day Job,$0 ,0,12/3/18
2,2,Hollywood Unlocked UNCENSORED,$0 ,1,12/3/18
0,4,Lady to Lady,$400 ,1,12/3/18
0,0,Other,$0 ,4,12/3/18
0,0,Story Worthy,$250 ,0,12/3/18
0,0,Stuff You Should Know,$0 ,4,12/3/18
0,4,The Big O and Dukes Podcast,$0 ,1,12/3/18
0,1,The Daily Dish,"$1,200 ",0,12/3/18
1,10,The Hagmann Report,$475 ,2,12/3/18
0,5,The Happy Never After Podcast,$0 ,1,12/3/18
1,41,The Mike O'Meara Show,$550 ,1,12/3/18
0,0,The Tai Lopez Show,$750 ,0,12/3/18
2,8,Wine and Crime,$0 ,6,12/3/18
1,3,A Sandwich & Some Lovin,$0 ,1,12/10/18
0,1,Alison Rosen is Your New Best Friend,$0 ,0,12/10/18
2,27,Bertcasts Podcast,$0 ,6,12/10/18
0,0,Don't Keep Your Day Job,$0 ,0,12/10/18
0,0,Hollywood Unlocked UNCENSORED,$0 ,0,12/10/18
0,0,Lady to Lady,$0 ,0,12/10/18
0,0,Other,$0 ,10,12/10/18
0,0,Story Worthy,$0 ,1,12/10/18
21,140,Stuff You Should Know,"$7,425 ",41,12/10/18
3,11,The Big O and Dukes Podcast,$400 ,3,12/10/18
1,2,The Daily Dish,$0 ,1,12/10/18
0,6,The Hagmann Report,$0 ,0,12/10/18
0,0,The Happy Never After Podcast,$290 ,1,12/10/18
2,33,The Mike O'Meara Show,$0 ,2,12/10/18
0,0,The Tai Lopez Show,$0 ,0,12/10/18
0,0,Wine and Crime,$0 ,0,12/10/18
0,5,A Sandwich & Some Lovin,$0 ,0,12/17/18
0,0,Alison Rosen is Your New Best Friend,$0 ,0,12/17/18
2,8,Bertcasts Podcast,$0 ,2,12/17/18
1,5,Don't Keep Your Day Job,"$1,471 ",3,12/17/18
1,29,Hollywood Unlocked UNCENSORED,"$1,400 ",1,12/17/18
0,2,Lady to Lady,$0 ,0,12/17/18
0,0,Other,$0 ,8,12/17/18
0,0,Story Worthy,$0 ,1,12/17/18
3,20,Stuff You Should Know,$0 ,7,12/17/18
0,3,The Big O and Dukes Podcast,$0 ,2,12/17/18
0,0,The Daily Dish,$0 ,0,12/17/18
0,1,The Hagmann Report,$0 ,0,12/17/18
0,2,The Happy Never After Podcast,$0 ,0,12/17/18
0,8,The Mike O'Meara Show,$0 ,0,12/17/18
0,0,The Tai Lopez Show,$0 ,0,12/17/18
8,23,Wine and Crime,"$1,324 ",11,12/17/18
0,5,A Sandwich & Some Lovin,$0 ,2,12/24/18
0,3,AJ Benza: Fame is a Bitch,$0 ,0,12/24/18
0,1,Alison Rosen is Your New Best Friend,$0 ,0,12/24/18
0,2,An Acquired Taste,$0 ,0,12/24/18
0,2,Babes & Babies,$0 ,1,12/24/18
0,5,Bertcasts Podcast,$0 ,2,12/24/18
0,2,Coffee Convos,$0 ,0,12/24/18
0,4,Don't Keep Your Day Job,$0 ,0,12/24/18
0,2,Forever35,$0 ,0,12/24/18
0,2,Happier in Hollywood,$0 ,0,12/24/18
0,6,Hollywood Unlocked UNCENSORED,$0 ,0,12/24/18
0,2,KFC Radio,$0 ,0,12/24/18
0,3,Lady to Lady,$0 ,2,12/24/18
0,2,LadyGang,$0 ,1,12/24/18
3,13,"Mueller, She Wrote",$0 ,6,12/24/18
0,1,Other,$0 ,22,12/24/18
0,2,Pop Talk with Ross Mathews,$0 ,0,12/24/18
0,1,Rob Has A Podcast,$0 ,0,12/24/18
0,2,Scrubbing In,$0 ,0,12/24/18
0,1,Story Worthy,$0 ,0,12/24/18
2,16,Stuff You Should Know,$0 ,17,12/24/18
0,1,The Big O and Dukes Podcast,$0 ,0,12/24/18
0,2,The Brooklyn Boys,$0 ,0,12/24/18
0,1,The Daily Dish,$0 ,3,12/24/18
0,2,The Hagmann Report,$0 ,1,12/24/18
1,2,The Happy Never After Podcast,$0 ,1,12/24/18
0,1,The Jtrain Podcast,$0 ,0,12/24/18
0,1,The Mike O'Meara Show,$0 ,0,12/24/18
0,2,The Morning Toast,$0 ,0,12/24/18
0,2,The Skinny Confidential,$0 ,0,12/24/18
0,2,The Struggle Well Project,$0 ,0,12/24/18
0,1,The Tai Lopez Show,$0 ,0,12/24/18
0,2,The Vanished,$0 ,5,12/24/18
0,1,Whine Down with Jana Kramer,$0 ,1,12/24/18
1,30,Wine and Crime,$0 ,13,12/24/18
0,2,Yogamazing,$0 ,2,12/24/18
1,2,A Sandwich & Some Lovin,$0 ,3,12/31/18
0,1,AJ Benza: Fame is a Bitch,$225 ,0,12/31/18
0,0,Alison Rosen is Your New Best Friend,$0 ,0,12/31/18
11,65,An Acquired Taste,$775 ,22,12/31/18
0,0,Babes & Babies,$0 ,1,12/31/18
3,67,Bertcasts Podcast,"$3,530 ",13,12/31/18
0,4,Don't Keep Your Day Job,$0 ,2,12/31/18
0,0,Forever35,$0 ,1,12/31/18
7,23,Happier in Hollywood,$750 ,18,12/31/18
0,3,Hollywood Unlocked UNCENSORED,$0 ,1,12/31/18
13,103,KFC Radio,"$3,450 ",26,12/31/18
0,1,Lady to Lady,$0 ,3,12/31/18
0,0,LadyGang,$0 ,1,12/31/18
29,132,"Mueller, She Wrote","$2,206 ",60,12/31/18
0,0,Other,$0 ,56,12/31/18
0,0,Rob Has A Podcast,$0 ,1,12/31/18
0,0,Scrubbing In,$0 ,2,12/31/18
0,0,Story Worthy,$0 ,0,12/31/18
2,5,Stuff You Should Know,$0 ,24,12/31/18
0,58,The Big O and Dukes Podcast,$0 ,2,12/31/18
0,2,The Brooklyn Boys,$0 ,0,12/31/18
0,0,The Daily Dish,$0 ,3,12/31/18
1,10,The Hagmann Report,$230 ,2,12/31/18
0,1,The Happy Never After Podcast,$0 ,1,12/31/18
3,18,The Jtrain Podcast,$300 ,4,12/31/18
0,2,The Mike O'Meara Show,$0 ,4,12/31/18
0,0,The Morning Toast,$0 ,1,12/31/18
0,0,The Skinny Confidential,$0 ,2,12/31/18
0,1,The Struggle Well Project,$0 ,0,12/31/18
0,0,The Tai Lopez Show,$0 ,0,12/31/18
0,0,The Vanished,$0 ,3,12/31/18
0,0,Whine Down with Jana Kramer,$0 ,0,12/31/18
2,20,Wine and Crime,$0 ,22,12/31/18
0,0,Yogamazing,$294 ,1,12/31/18
1,9,A Sandwich & Some Lovin,$700 ,2,1/7/19
1,13,AJ Benza: Fame is a Bitch,$225 ,1,1/7/19
0,0,Alison Rosen is Your New Best Friend,$0 ,1,1/7/19
2,29,An Acquired Taste,$0 ,11,1/7/19
1,7,Babes & Babies,"$1,625 ",2,1/7/19
4,59,Bertcasts Podcast,"$3,530 ",10,1/7/19
17,94,Coffee Convos,"$3,625 ",33,1/7/19
0,1,Don't Keep Your Day Job,$0 ,2,1/7/19
0,0,Forever35,$0 ,1,1/7/19
2,9,Happier in Hollywood,$0 ,6,1/7/19
0,0,Help! I Suck at Dating,$0 ,1,1/7/19
1,5,Hollywood Unlocked UNCENSORED,$0 ,1,1/7/19
0,12,KFC Radio,$0 ,5,1/7/19
0,0,Lady to Lady,$0 ,2,1/7/19
0,0,LadyGang,$0 ,1,1/7/19
3,11,"Mueller, She Wrote",$0 ,12,1/7/19
0,0,Other,$0 ,34,1/7/19
1,6,Pop Talk with Ross Mathews,$250 ,1,1/7/19
0,0,Rob Has A Podcast,$0 ,0,1/7/19
3,30,Scrubbing In,"$1,980 ",3,1/7/19
0,0,Story Worthy,$0 ,0,1/7/19
1,4,Stuff You Should Know,$0 ,13,1/7/19
0,2,The Big O and Dukes Podcast,$0 ,2,1/7/19
3,23,The Brooklyn Boys,$890 ,4,1/7/19
0,0,The Daily Dish,$0 ,1,1/7/19
0,18,The Hagmann Report,$230 ,0,1/7/19
0,5,The Happy Never After Podcast,$290 ,0,1/7/19
5,10,The Jtrain Podcast,$0 ,7,1/7/19
2,2,The Mike O'Meara Show,$0 ,3,1/7/19
0,0,The Morning Toast,$0 ,2,1/7/19
2,19,The Skinny Confidential,"$7,647 ",2,1/7/19
1,8,The Struggle Well Project,$279 ,1,1/7/19
0,0,The Tai Lopez Show,$0 ,0,1/7/19
0,0,The Vanished,$0 ,1,1/7/19
0,0,Whine Down with Jana Kramer,$0 ,1,1/7/19
9,45,Wine and Crime,"$1,812 ",20,1/7/19
0,0,Yogamazing,$0 ,0,1/7/19
0,1,A Sandwich & Some Lovin,$0 ,2,1/14/19
0,2,AJ Benza: Fame is a Bitch,$0 ,0,1/14/19
0,0,Alison Rosen is Your New Best Friend,$0 ,1,1/14/19
5,24,An Acquired Taste,$775 ,9,1/14/19
0,2,Babes & Babies,$0 ,0,1/14/19
3,26,Bertcasts Podcast,$0 ,7,1/14/19
1,42,Coffee Convos,$0 ,12,1/14/19
0,0,Don't Keep Your Day Job,$0 ,0,1/14/19
0,0,Forever35,$0 ,1,1/14/19
1,0,Happier in Hollywood,$0 ,7,1/14/19
0,0,Help! I Suck at Dating,$0 ,1,1/14/19
1,1,Hollywood Unlocked UNCENSORED,$0 ,2,1/14/19
12,81,KFC Radio,"$3,450 ",20,1/14/19
0,0,Lady to Lady,$0 ,1,1/14/19
0,0,LadyGang,$0 ,1,1/14/19
24,115,"Mueller, She Wrote","$2,206 ",47,1/14/19
0,0,Other,$0 ,34,1/14/19
0,3,Pop Talk with Ross Mathews,$250 ,3,1/14/19
0,0,Rob Has A Podcast,$0 ,0,1/14/19
2,2,Scrubbing In,$0 ,3,1/14/19
0,0,Story Worthy,$0 ,0,1/14/19
0,1,Stuff You Should Know,$0 ,7,1/14/19
0,0,The Big O and Dukes Podcast,$0 ,1,1/14/19
3,19,The Brooklyn Boys,$0 ,5,1/14/19
0,0,The Daily Dish,$0 ,0,1/14/19
4,46,The Hagmann Report,$0 ,3,1/14/19
0,2,The Happy Never After Podcast,$290 ,0,1/14/19
1,10,The Jtrain Podcast,$300 ,1,1/14/19
2,12,The Mike O'Meara Show,$550 ,5,1/14/19
42,310,The Morning Toast,"$2,950 ",49,1/14/19
7,20,The Skinny Confidential,$0 ,10,1/14/19
1,7,The Struggle Well Project,$0 ,1,1/14/19
0,0,The Tai Lopez Show,$0 ,2,1/14/19
0,0,The Vanished,$0 ,1,1/14/19
0,0,Whine Down with Jana Kramer,$0 ,0,1/14/19
6,21,Wine and Crime,$0 ,13,1/14/19
0,0,Yogamazing,$0 ,0,1/14/19
2,4,A Sandwich & Some Lovin,$0 ,3,1/21/19
0,6,AJ Benza: Fame is a Bitch,$225 ,2,1/21/19
0,0,Alison Rosen is Your New Best Friend,$0 ,0,1/21/19
1,4,An Acquired Taste,$0 ,4,1/21/19
1,7,Babes & Babies,$0 ,1,1/21/19
0,8,Bertcasts Podcast,$0 ,6,1/21/19
3,19,Coffee Convos,$0 ,7,1/21/19
0,0,Don't Keep Your Day Job,$0 ,1,1/21/19
0,0,Forever35,$0 ,0,1/21/19
0,5,Happier in Hollywood,$750 ,2,1/21/19
0,1,Help! I Suck at Dating,$0 ,0,1/21/19
0,0,Hollywood Unlocked UNCENSORED,$0 ,0,1/21/19
3,13,KFC Radio,$0 ,9,1/21/19
0,1,Lady to Lady,$0 ,1,1/21/19
6,30,LadyGang,"$3,200 ",7,1/21/19
2,16,"Mueller, She Wrote",$0 ,11,1/21/19
0,0,Other,$0 ,34,1/21/19
0,0,Pop Talk with Ross Mathews,$0 ,1,1/21/19
0,0,Rob Has A Podcast,$0 ,0,1/21/19
0,2,Scrubbing In,$0 ,4,1/21/19
0,0,Story Worthy,$0 ,0,1/21/19
0,3,Stuff You Should Know,$0 ,8,1/21/19
0,0,The Big O and Dukes Podcast,$0 ,2,1/21/19
0,7,The Brooklyn Boys,$890 ,4,1/21/19
0,0,The Daily Dish,$0 ,1,1/21/19
0,7,The Hagmann Report,$0 ,0,1/21/19
0,0,The Happy Never After Podcast,$0 ,0,1/21/19
1,5,The Jtrain Podcast,$0 ,1,1/21/19
1,4,The Mike O'Meara Show,$0 ,1,1/21/19
9,91,The Morning Toast,"$2,950 ",12,1/21/19
0,5,The Skinny Confidential,$0 ,1,1/21/19
2,9,The Struggle Well Project,$279 ,3,1/21/19
0,0,The Tai Lopez Show,$0 ,0,1/21/19
0,0,The Vanished,$0 ,1,1/21/19
9,43,Whine Down with Jana Kramer,"$3,900 ",14,1/21/19
2,10,Wine and Crime,$0 ,6,1/21/19
0,1,Yogamazing,$294 ,0,1/21/19
0,1,A Sandwich & Some Lovin,$0 ,1,1/28/19
0,2,AJ Benza: Fame is a Bitch,$0 ,2,1/28/19
0,0,Alison Rosen is Your New Best Friend,$0 ,0,1/28/19
1,7,An Acquired Taste,$0 ,2,1/28/19
0,9,Babes & Babies,"$1,625 ",4,1/28/19
0,8,Bertcasts Podcast,$0 ,3,1/28/19
11,63,Coffee Convos,"$3,625 ",19,1/28/19
0,3,Don't Keep Your Day Job,$0 ,0,1/28/19
0,0,Forever35,$0 ,1,1/28/19
1,4,Happier in Hollywood,$0 ,10,1/28/19
0,0,Help! I Suck at Dating,$0 ,0,1/28/19
0,0,Hollywood Unlocked UNCENSORED,$0 ,0,1/28/19
0,2,KFC Radio,$0 ,0,1/28/19
0,2,Lady to Lady,$0 ,0,1/28/19
4,16,LadyGang,$0 ,3,1/28/19
0,3,Meaningful Conversations,$0 ,0,1/28/19
1,16,"Mueller, She Wrote",$0 ,5,1/28/19
0,0,Other,$0 ,19,1/28/19
0,1,Pop Talk with Ross Mathews,$0 ,0,1/28/19
0,0,Rob Has A Podcast,$0 ,0,1/28/19
4,22,Scrubbing In,"$1,980 ",7,1/28/19
0,0,Story Worthy,$0 ,0,1/28/19
0,0,Stuff You Should Know,$0 ,2,1/28/19
0,0,The Big O and Dukes Podcast,$0 ,0,1/28/19
1,21,The Brooklyn Boys,$0 ,1,1/28/19
0,0,The Daily Dish,$0 ,1,1/28/19
0,3,The Hagmann Report,$230 ,0,1/28/19
0,0,The Happy Never After Podcast,$0 ,1,1/28/19
1,4,The Jtrain Podcast,$0 ,1,1/28/19
0,4,The Mike O'Meara Show,$0 ,2,1/28/19
3,16,The Morning Toast,$0 ,7,1/28/19
0,8,The Skinny Confidential,$0 ,1,1/28/19
1,9,The Struggle Well Project,$0 ,0,1/28/19
0,0,The Tai Lopez Show,$0 ,0,1/28/19
0,0,The Vanished,$0 ,0,1/28/19
1,9,Whine Down with Jana Kramer,$0 ,3,1/28/19
8,31,Wine and Crime,"$1,812 ",15,1/28/19
0,1,Yogamazing,$0 ,0,1/28/19
3,8,A Sandwich & Some Lovin,$700 ,5,2/4/19
0,0,AJ Benza: Fame is a Bitch,$0 ,1,2/4/19
0,0,Alison Rosen is Your New Best Friend,$0 ,1,2/4/19
1,5,An Acquired Taste,$0 ,3,2/4/19
0,0,Babes & Babies,$0 ,1,2/4/19
3,13,Bertcasts Podcast,$0 ,3,2/4/19
6,25,Coffee Convos,$0 ,15,2/4/19
0,1,Don't Keep Your Day Job,$0 ,0,2/4/19
0,0,Forever35,$0 ,0,2/4/19
0,3,Happier in Hollywood,$0 ,8,2/4/19
0,1,Help! I Suck at Dating,$0 ,0,2/4/19
0,0,Hollywood Unlocked UNCENSORED,$0 ,0,2/4/19
0,9,KFC Radio,$0 ,5,2/4/19
1,4,Lady to Lady,$400 ,3,2/4/19
1,3,LadyGang,$0 ,1,2/4/19
0,1,Meaningful Conversations,$0 ,0,2/4/19
23,84,"Mueller, She Wrote",$0 ,52,2/4/19
0,0,Other,$0 ,21,2/4/19
0,0,Pop Talk with Ross Mathews,$0 ,0,2/4/19
0,0,Rob Has A Podcast,$0 ,1,2/4/19
0,6,Scrubbing In,$0 ,3,2/4/19
0,0,Story Worthy,$0 ,0,2/4/19
0,0,Stuff You Should Know,$0 ,6,2/4/19
0,0,The Big O and Dukes Podcast,$0 ,0,2/4/19
2,7,The Brooklyn Boys,$0 ,5,2/4/19
1,2,The Daily Dish,$0 ,2,2/4/19
0,3,The Hagmann Report,$0 ,0,2/4/19
0,0,The Happy Never After Podcast,$0 ,0,2/4/19
0,0,The Jtrain Podcast,$0 ,1,2/4/19
0,16,The Mike O'Meara Show,$0 ,0,2/4/19
1,7,The Morning Toast,$0 ,9,2/4/19
0,1,The Skinny Confidential,$0 ,0,2/4/19
1,2,The Struggle Well Project,$0 ,2,2/4/19
0,0,The Tai Lopez Show,$0 ,0,2/4/19
0,0,The Vanished,$0 ,5,2/4/19
4,11,Whine Down with Jana Kramer,$0 ,5,2/4/19
7,22,Wine and Crime,$0 ,14,2/4/19
0,0,Yogamazing,$0 ,0,2/4/19
1,3,A Sandwich & Some Lovin,$0 ,3,2/11/19
0,1,AJ Benza: Fame is a Bitch,$0 ,1,2/11/19
0,0,Alison Rosen is Your New Best Friend,$0 ,0,2/11/19
0,0,An Acquired Taste,$0 ,6,2/11/19
0,0,Babes & Babies,$0 ,1,2/11/19
3,50,Bertcasts Podcast,"$3,530 ",4,2/11/19
2,27,Coffee Convos,$0 ,8,2/11/19
0,0,Don't Keep Your Day Job,$0 ,2,2/11/19
0,0,Forever35,$0 ,0,2/11/19
0,1,Happier in Hollywood,$0 ,14,2/11/19
0,0,Help! I Suck at Dating,$0 ,1,2/11/19
0,2,Hollywood Unlocked UNCENSORED,$0 ,0,2/11/19
0,4,Keith and the Girl,$0 ,0,2/11/19
0,3,KFC Radio,$0 ,1,2/11/19
1,1,Lady to Lady,$0 ,4,2/11/19
0,3,LadyGang,$0 ,3,2/11/19
0,1,Meaningful Conversations,$0 ,2,2/11/19
2,11,"Mueller, She Wrote",$0 ,17,2/11/19
0,0,Other,$0 ,40,2/11/19
0,0,Pete and Sebastian Show,$0 ,1,2/11/19
0,1,Pop Talk with Ross Mathews,$250 ,1,2/11/19
0,0,Rob Has A Podcast,$0 ,1,2/11/19
0,4,Scrubbing In,$0 ,3,2/11/19
0,0,Story Worthy,$0 ,0,2/11/19
0,1,Stuff You Should Know,$0 ,16,2/11/19
0,8,The Big O and Dukes Podcast,$600 ,0,2/11/19
0,1,The Brooklyn Boys,$0 ,0,2/11/19
0,0,The Daily Dish,$0 ,1,2/11/19
0,4,The Hagmann Report,$0 ,0,2/11/19
0,2,The Happy Never After Podcast,$0 ,1,2/11/19
3,19,The Jtrain Podcast,$375 ,4,2/11/19
0,11,The Mike O'Meara Show,$550 ,2,2/11/19
41,327,The Morning Toast,"$2,500 ",62,2/11/19
0,3,The Newsworthy,$0 ,0,2/11/19
23,125,The Skinny Confidential,"$7,647 ",36,2/11/19
0,0,The Struggle Well Project,$0 ,1,2/11/19
0,0,The Tai Lopez Show,$0 ,2,2/11/19
0,0,The Vanished,$0 ,5,2/11/19
3,35,Whine Down with Jana Kramer,"$3,900 ",13,2/11/19
0,7,Wine and Crime,$0 ,8,2/11/19
0,0,Yogamazing,$0 ,2,2/11/19
0,2,A Sandwich & Some Lovin,$0 ,4,2/18/19
0,0,AJ Benza: Fame is a Bitch,$0 ,1,2/18/19
0,0,Alison Rosen is Your New Best Friend,$0 ,0,2/18/19
3,32,An Acquired Taste,$775 ,7,2/18/19
0,0,Babes & Babies,$0 ,1,2/18/19
1,24,Bertcasts Podcast,$0 ,3,2/18/19
0,1,Coffee Convos,$0 ,3,2/18/19
0,0,Don't Keep Your Day Job,$0 ,0,2/18/19
0,0,Forever35,$0 ,0,2/18/19
0,0,Happier in Hollywood,$0 ,10,2/18/19
0,0,Help! I Suck at Dating,$0 ,0,2/18/19
0,0,Hollywood Unlocked UNCENSORED,$0 ,0,2/18/19
0,4,Keith and the Girl,$275 ,3,2/18/19
7,62,KFC Radio,"$1,647 ",18,2/18/19
0,0,Lady to Lady,$0 ,1,2/18/19
7,59,LadyGang,"$3,200 ",17,2/18/19
0,0,Meaningful Conversations,$0 ,2,2/18/19
2,21,"Mueller, She Wrote","$2,206 ",17,2/18/19
0,0,Other,$0 ,67,2/18/19
2,26,Pete and Sebastian Show,$375 ,2,2/18/19
1,2,Pop Talk with Ross Mathews,$0 ,3,2/18/19
0,0,Rob Has A Podcast,$0 ,0,2/18/19
3,19,Scrubbing In,"$1,980 ",7,2/18/19
0,0,Story Worthy,$0 ,0,2/18/19
0,0,Stuff You Should Know,$0 ,11,2/18/19
0,0,The Big O and Dukes Podcast,$0 ,2,2/18/19
0,5,The Brooklyn Boys,$0 ,0,2/18/19
0,0,The Daily Dish,$0 ,4,2/18/19
0,7,The Hagmann Report,$0 ,1,2/18/19
2,3,The Happy Never After Podcast,$290 ,2,2/18/19
0,3,The Jtrain Podcast,$0 ,4,2/18/19
3,17,The Mike O'Meara Show,$0 ,7,2/18/19
19,133,The Morning Toast,$0 ,37,2/18/19
2,15,The Newsworthy,$247 ,2,2/18/19
7,37,The Skinny Confidential,$0 ,13,2/18/19
1,8,The Struggle Well Project,$279 ,0,2/18/19
0,0,The Tai Lopez Show,$0 ,0,2/18/19
0,0,The Vanished,$0 ,5,2/18/19
3,16,Whine Down with Jana Kramer,$0 ,7,2/18/19
3,10,Wine and Crime,$0 ,9,2/18/19
0,1,Yogamazing,$0 ,1,2/18/19
0,3,A Sandwich & Some Lovin,$700 ,0,2/25/19
0,0,AJ Benza: Fame is a Bitch,$0 ,0,2/25/19
0,0,Alison Rosen is Your New Best Friend,$0 ,0,2/25/19
3,9,An Acquired Taste,$0 ,6,2/25/19
0,1,Babes & Babies,"$1,625 ",1,2/25/19
2,11,Bertcasts Podcast,$0 ,8,2/25/19
43,293,Call Her Daddy,"$3,000 ",58,2/25/19
0,4,Coffee Convos,$0 ,3,2/25/19
4,31,Crime Junkie,$0 ,12,2/25/19
1,1,Don't Keep Your Day Job,$0 ,0,2/25/19
0,0,Forever35,$0 ,0,2/25/19
7,33,Happier in Hollywood,$750 ,28,2/25/19
0,0,Help! I Suck at Dating,$0 ,0,2/25/19
0,0,Hollywood Unlocked UNCENSORED,$0 ,0,2/25/19
1,2,Keith and the Girl,$275 ,3,2/25/19
2,8,KFC Radio,$0 ,4,2/25/19
2,3,Lady to Lady,$400 ,5,2/25/19
0,8,LadyGang,$0 ,3,2/25/19
0,1,Meaningful Conversations,$0 ,2,2/25/19
1,5,"Mueller, She Wrote",$0 ,13,2/25/19
0,0,Other,$0 ,113,2/25/19
1,24,Pete and Sebastian Show,$0 ,4,2/25/19
0,0,Pop Talk with Ross Mathews,$0 ,1,2/25/19
0,0,Rob Has A Podcast,$0 ,0,2/25/19
1,2,Scrubbing In,$0 ,3,2/25/19
0,0,Story Worthy,$0 ,0,2/25/19
0,1,Stuff You Should Know,$0 ,10,2/25/19
0,1,Taste of Taylor,$0 ,0,2/25/19
0,0,The Big O and Dukes Podcast,$0 ,0,2/25/19
4,24,The Brooklyn Boys,$890 ,8,2/25/19
0,0,The Daily Dish,$0 ,1,2/25/19
0,10,The Hagmann Report,$230 ,0,2/25/19
0,0,The Happy Never After Podcast,$0 ,0,2/25/19
1,3,The Jtrain Podcast,$0 ,2,2/25/19
1,12,The Mike O'Meara Show,$550 ,4,2/25/19
68,303,The Morning Toast,"$2,500 ",94,2/25/19
0,0,The Newsworthy,$0 ,0,2/25/19
3,20,The Skinny Confidential,$0 ,7,2/25/19
0,2,The Struggle Well Project,$0 ,0,2/25/19
0,0,The Tai Lopez Show,$0 ,0,2/25/19
0,0,The Vanished,$0 ,10,2/25/19
1,3,Whine Down with Jana Kramer,$0 ,5,2/25/19
2,24,Wine and Crime,"$1,812 ",11,2/25/19
0,0,Yogamazing,$294 ,2,2/25/19
1,3,A Sandwich & Some Lovin,$0 ,4,3/4/19
0,0,AJ Benza: Fame is a Bitch,$0 ,0,3/4/19
0,0,Alison Rosen is Your New Best Friend,$0 ,0,3/4/19
0,0,An Acquired Taste,$0 ,3,3/4/19
0,1,Babes & Babies,$0 ,1,3/4/19
0,5,Bertcasts Podcast,$0 ,1,3/4/19
9,95,Call Her Daddy,$0 ,21,3/4/19
0,1,Coffee Convos,$0 ,3,3/4/19
13,77,Crime Junkie,"$5,000 ",29,3/4/19
0,0,Don't Keep Your Day Job,$0 ,0,3/4/19
0,0,Forever35,$0 ,0,3/4/19
3,31,Happier in Hollywood,$0 ,25,3/4/19
0,4,Help! I Suck at Dating,"$2,300 ",2,3/4/19
0,0,Hollywood Unlocked UNCENSORED,$0 ,0,3/4/19
0,1,Keith and the Girl,$0 ,0,3/4/19
1,2,KFC Radio,$0 ,2,3/4/19
0,0,Lady to Lady,$0 ,1,3/4/19
1,7,LadyGang,$0 ,3,3/4/19
0,0,Meaningful Conversations,$0 ,2,3/4/19
0,19,"Mueller, She Wrote",$0 ,5,3/4/19
0,0,Other,$0 ,50,3/4/19
3,44,Pete and Sebastian Show,$375 ,3,3/4/19
3,6,Pop Talk with Ross Mathews,$0 ,3,3/4/19
0,0,Rob Has A Podcast,$0 ,0,3/4/19
0,3,Scrubbing In,$0 ,5,3/4/19
0,0,Story Worthy,$0 ,0,3/4/19
0,1,Stuff You Should Know,$0 ,12,3/4/19
0,1,Taste of Taylor,$0 ,0,3/4/19
0,6,The Big O and Dukes Podcast,$600 ,1,3/4/19
0,6,The Brooklyn Boys,$0 ,1,3/4/19
0,0,The Daily Dish,$0 ,0,3/4/19
0,4,The Hagmann Report,$0 ,0,3/4/19
0,4,The Happy Never After Podcast,$0 ,0,3/4/19
0,0,The Jtrain Podcast,$0 ,6,3/4/19
2,21,The Mike O'Meara Show,$0 ,2,3/4/19
7,41,The Morning Toast,$0 ,18,3/4/19
1,12,The Newsworthy,$247 ,2,3/4/19
2,5,The Skinny Confidential,$0 ,3,3/4/19
0,0,The Struggle Well Project,$0 ,1,3/4/19
0,0,The Tai Lopez Show,$0 ,0,3/4/19
0,0,The Vanished,$0 ,1,3/4/19
6,37,Whine Down with Jana Kramer,"$3,900 ",11,3/4/19
6,19,Wine and Crime,$0 ,19,3/4/19
0,0,Yogamazing,$0 ,1,3/4/19
0,1,A Sandwich & Some Lovin,$0 ,3,3/11/19
0,0,AJ Benza: Fame is a Bitch,$0 ,1,3/11/19
0,0,Alison Rosen is Your New Best Friend,$0 ,0,3/11/19
1,0,An Acquired Taste,$0 ,3,3/11/19
0,0,Babes & Babies,$0 ,0,3/11/19
2,9,Bertcasts Podcast,$0 ,6,3/11/19
4,46,Call Her Daddy,$0 ,5,3/11/19
6,62,Coffee Convos,"$3,625 ",12,3/11/19
2,59,Cold Case Files,"$5,000 ",6,3/11/19
10,39,Crime Junkie,$0 ,19,3/11/19
0,0,Don't Keep Your Day Job,$0 ,0,3/11/19
0,0,Forever35,$0 ,0,3/11/19
1,10,Happier in Hollywood,$0 ,16,3/11/19
0,5,Help! I Suck at Dating,$0 ,1,3/11/19
0,0,Hollywood Unlocked UNCENSORED,$0 ,0,3/11/19
0,1,Keith and the Girl,$275 ,2,3/11/19
0,0,KFC Radio,$0 ,0,3/11/19
0,1,Lady to Lady,$0 ,1,3/11/19
0,4,LadyGang,$0 ,1,3/11/19
0,0,Meaningful Conversations,$0 ,0,3/11/19
8,58,"Mueller, She Wrote",$0 ,23,3/11/19
0,0,Other,$0 ,48,3/11/19
2,18,Pete and Sebastian Show,$0 ,6,3/11/19
0,1,Pop Talk with Ross Mathews,$0 ,2,3/11/19
0,0,Rob Has A Podcast,$0 ,0,3/11/19
0,1,Scrubbing In,$0 ,2,3/11/19
0,0,Story Worthy,$0 ,0,3/11/19
0,0,Stuff You Should Know,$0 ,7,3/11/19
0,5,Taste of Taylor,$388 ,0,3/11/19
0,3,The Big O and Dukes Podcast,$0 ,0,3/11/19
1,5,The Brooklyn Boys,$0 ,2,3/11/19
0,0,The Daily Dish,$0 ,1,3/11/19
0,4,The Hagmann Report,$0 ,0,3/11/19
0,0,The Happy Never After Podcast,$0 ,0,3/11/19
4,16,The Jtrain Podcast,$300 ,8,3/11/19
2,7,The Mike O'Meara Show,$0 ,4,3/11/19
25,135,The Morning Toast,"$2,500 ",46,3/11/19
0,0,The Newsworthy,$0 ,0,3/11/19
2,6,The Skinny Confidential,$0 ,5,3/11/19
0,4,The Struggle Well Project,$0 ,1,3/11/19
0,0,The Tai Lopez Show,$0 ,0,3/11/19
0,0,The Vanished,$0 ,4,3/11/19
10,76,True Crime Garage,"$4,918 ",26,3/11/19
3,9,Whine Down with Jana Kramer,$0 ,5,3/11/19
1,18,Wine and Crime,$0 ,9,3/11/19
0,0,Yogamazing,$0 ,1,3/11/19
3,29,Your Mom's House,"$7,059 ",7,3/11/19
0,0,A Sandwich & Some Lovin,$0 ,2,3/18/19
0,0,AJ Benza: Fame is a Bitch,$0 ,0,3/18/19
0,0,Alison Rosen is Your New Best Friend,$0 ,0,3/18/19
0,2,An Acquired Taste,$0 ,1,3/18/19
0,0,Babes & Babies,$0 ,1,3/18/19
2,10,Bear Brook Podcast,"$3,500 ",10,3/18/19
0,9,Bertcasts Podcast,$0 ,3,3/18/19
0,1,Blank Check,$0 ,0,3/18/19
2,20,Call Her Daddy,$0 ,11,3/18/19
1,7,CoCo Caliente,$750 ,4,3/18/19
3,52,Coffee Convos,$0 ,10,3/18/19
0,9,Cold Case Files,$0 ,3,3/18/19
2,32,Crime Junkie,$0 ,8,3/18/19
0,0,Don't Keep Your Day Job,$0 ,0,3/18/19
0,0,Forever35,$0 ,0,3/18/19
6,18,Happier in Hollywood,$750 ,30,3/18/19
0,1,Happier with Gretchen Rubin,$0 ,0,3/18/19
0,0,Help! I Suck at Dating,$0 ,0,3/18/19
0,0,Hollywood Unlocked UNCENSORED,$0 ,0,3/18/19
1,2,Keith and the Girl,$0 ,2,3/18/19
7,30,KFC Radio,"$3,200 ",12,3/18/19
0,0,Lady to Lady,$0 ,1,3/18/19
0,0,LadyGang,$0 ,0,3/18/19
0,0,Meaningful Conversations,$0 ,0,3/18/19
9,45,Moms and Murder,$559 ,13,3/18/19
3,12,"Mueller, She Wrote",$0 ,16,3/18/19
0,0,Other,$0 ,58,3/18/19
0,7,Pete and Sebastian Show,$0 ,1,3/18/19
0,1,Political Gabfest,$0 ,0,3/18/19
0,2,Pop Talk with Ross Mathews,$250 ,2,3/18/19
0,0,Rob Has A Podcast,$0 ,0,3/18/19
0,0,Scrubbing In,$0 ,1,3/18/19
0,1,Southern Fried True Crime,$0 ,0,3/18/19
0,0,Story Worthy,$0 ,0,3/18/19
0,0,Stuff You Should Know,$0 ,11,3/18/19
1,1,Taste of Taylor,$0 ,3,3/18/19
1,1,The Big O and Dukes Podcast,$0 ,2,3/18/19
2,4,The Brooklyn Boys,$0 ,2,3/18/19
0,0,The Daily Dish,$0 ,2,3/18/19
0,3,The Hagmann Report,$0 ,0,3/18/19
0,0,The Happy Never After Podcast,$290 ,2,3/18/19
2,4,The Jtrain Podcast,$0 ,4,3/18/19
2,13,The Mike O'Meara Show,$550 ,6,3/18/19
22,116,The Morning Toast,$0 ,44,3/18/19
2,13,The Newsworthy,$247 ,4,3/18/19
0,1,The Real Life Podcast,$0 ,0,3/18/19
0,7,The Skinny Confidential,$0 ,2,3/18/19
0,2,The Struggle Well Project,$0 ,0,3/18/19
0,0,The Tai Lopez Show,$0 ,0,3/18/19
0,2,The Vanished,$0 ,6,3/18/19
3,91,True Crime Garage,$0 ,5,3/18/19
3,9,Whine Down with Jana Kramer,$0 ,6,3/18/19
5,17,Wine and Crime,$0 ,12,3/18/19
0,2,Yogamazing,$0 ,1,3/18/19
3,5,Your Mom's House,$0 ,9,3/18/19
0,2,A Sandwich & Some Lovin,$0 ,1,3/25/19
0,0,AJ Benza: Fame is a Bitch,$0 ,0,3/25/19
0,12,Alison Rosen is Your New Best Friend,$0 ,0,3/25/19
2,4,An Acquired Taste,$775 ,6,3/25/19
0,0,Babes & Babies,$0 ,2,3/25/19
6,13,Bear Brook Podcast,$0 ,6,3/25/19
12,99,Beawcast,"$1,200 ",8,3/25/19
0,4,Bertcasts Podcast,$0 ,1,3/25/19
2,26,Blank Check,"$1,114 ",3,3/25/19
41,323,Call Her Daddy,"$6,825 ",58,3/25/19
0,7,CoCo Caliente,$0 ,0,3/25/19
4,18,Coffee Convos,$0 ,11,3/25/19
4,43,Cold Case Files,$0 ,10,3/25/19
46,294,Crime Junkie,"$5,000 ",94,3/25/19
0,1,Dear Prudence,$0 ,1,3/25/19
0,0,Don't Keep Your Day Job,$0 ,0,3/25/19
0,0,Forever35,$0 ,0,3/25/19
3,8,Happier in Hollywood,$0 ,24,3/25/19
42,245,Happier with Gretchen Rubin,"$4,950 ",106,3/25/19
0,0,Harvesting Happiness,$0 ,0,3/25/19
0,1,Help! I Suck at Dating,$0 ,1,3/25/19
0,0,Hollywood Unlocked UNCENSORED,$0 ,0,3/25/19
0,1,Inside The Hive with Nick Bilton,$0 ,0,3/25/19
0,2,Keith and the Girl,$0 ,1,3/25/19
2,25,KFC Radio,$0 ,5,3/25/19
1,3,Lady to Lady,$400 ,2,3/25/19
0,1,LadyBrains,$0 ,0,3/25/19
5,32,LadyGang,"$3,200 ",9,3/25/19
0,0,Meaningful Conversations,$0 ,0,3/25/19
0,4,Moms and Murder,$0 ,3,3/25/19
1,10,"Mueller, She Wrote",$0 ,8,3/25/19
0,0,Other,$0 ,45,3/25/19
0,2,Pete and Sebastian Show,$0 ,0,3/25/19
5,32,Political Gabfest,"$7,618 ",12,3/25/19
0,0,Pop Talk with Ross Mathews,$0 ,0,3/25/19
0,0,Rob Has A Podcast,$0 ,0,3/25/19
0,1,Scrubbing In,$0 ,1,3/25/19
3,13,Southern Fried True Crime,$460 ,6,3/25/19
0,1,Still Watching,$0 ,0,3/25/19
0,0,Story Worthy,$0 ,0,3/25/19
0,0,Stuff You Should Know,$0 ,3,3/25/19
0,1,Taste of Taylor,$388 ,2,3/25/19
0,2,The Big O and Dukes Podcast,$0 ,1,3/25/19
0,6,The Brooklyn Boys,$391 ,0,3/25/19
0,0,The Daily Dish,$0 ,2,3/25/19
0,2,The Hagmann Report,$0 ,1,3/25/19
0,1,The Happy Never After Podcast,$0 ,0,3/25/19
0,0,The Jtrain Podcast,$0 ,1,3/25/19
1,12,The Mike O'Meara Show,$0 ,4,3/25/19
26,107,The Morning Toast,"$2,500 ",42,3/25/19
0,0,The Newsworthy,$0 ,0,3/25/19
4,35,The Real Life Podcast,$600 ,5,3/25/19
1,4,The Skinny Confidential,$0 ,4,3/25/19
2,6,The Struggle Well Project,$279 ,3,3/25/19
0,0,The Tai Lopez Show,$0 ,0,3/25/19
7,30,The Vanished,"$3,625 ",11,3/25/19
2,54,True Crime Garage,$0 ,9,3/25/19
0,4,Whine Down with Jana Kramer,$0 ,1,3/25/19
8,36,Wine and Crime,"$1,812 ",26,3/25/19
0,1,Yogamazing,$0 ,0,3/25/19
0,0,Your Mom's House,$0 ,2,3/25/19
1,6,A Sandwich & Some Lovin,$700 ,4,4/1/19
0,0,AJ Benza: Fame is a Bitch,$0 ,0,4/1/19
0,0,Alison Rosen is Your New Best Friend,$0 ,0,4/1/19
1,8,An Acquired Taste,$0 ,6,4/1/19
0,0,Babes & Babies,$0 ,1,4/1/19
4,12,Bear Brook Podcast,"$3,500 ",8,4/1/19
1,15,Beawcast,$0 ,1,4/1/19
1,10,Bertcasts Podcast,$0 ,2,4/1/19
5,57,Blank Check,$0 ,8,4/1/19
27,155,Call Her Daddy,$0 ,44,4/1/19
23,192,Casefile,"$11,000 ",36,4/1/19
2,4,CoCo Caliente,$0 ,2,4/1/19
0,2,Coffee Convos,$0 ,3,4/1/19
0,20,Cold Case Files,$0 ,7,4/1/19
11,64,Crime Junkie,$0 ,47,4/1/19
2,10,Dear Prudence,"$1,059 ",2,4/1/19
0,0,Don't Keep Your Day Job,$0 ,0,4/1/19
0,2,For The Love,$0 ,0,4/1/19
0,0,Forever35,$0 ,0,4/1/19
0,1,Happier in Hollywood,$0 ,15,4/1/19
28,103,Happier with Gretchen Rubin,$0 ,76,4/1/19
0,0,Harvesting Happiness,$0 ,0,4/1/19
0,1,Help! I Suck at Dating,"$2,300 ",0,4/1/19
0,0,Hollywood Unlocked UNCENSORED,$0 ,0,4/1/19
1,9,Inside The Hive with Nick Bilton,"$1,000 ",2,4/1/19
0,0,Keith and the Girl,$0 ,1,4/1/19
0,1,KFC Radio,$0 ,3,4/1/19
0,4,Lady to Lady,$0 ,3,4/1/19
1,18,LadyBrains,$270 ,2,4/1/19
2,7,LadyGang,$0 ,5,4/1/19
0,0,Meaningful Conversations,$0 ,0,4/1/19
1,8,Moms and Murder,$0 ,3,4/1/19
10,48,"Mueller, She Wrote","$3,059 ",31,4/1/19
0,0,Other,$0 ,47,4/1/19
0,17,Pete and Sebastian Show,$375 ,0,4/1/19
3,5,Political Gabfest,$0 ,8,4/1/19
0,0,Pop Talk with Ross Mathews,$0 ,2,4/1/19
0,0,Rob Has A Podcast,$0 ,0,4/1/19
0,0,Scrubbing In,$0 ,1,4/1/19
0,2,Sexy Marriage Radio,$0 ,2,4/1/19
0,4,Southern Fried True Crime,$0 ,2,4/1/19
3,7,Still Watching,"$1,500 ",4,4/1/19
0,0,Story Worthy,$0 ,0,4/1/19
0,0,Stuff You Should Know,$0 ,4,4/1/19
0,0,Taste of Taylor,$0 ,0,4/1/19
0,1,The Big O and Dukes Podcast,$600 ,1,4/1/19
1,3,The Brooklyn Boys,$0 ,2,4/1/19
0,0,The Daily Dish,$0 ,1,4/1/19
0,2,The Hagmann Report,$0 ,0,4/1/19
1,1,The Happy Never After Podcast,$290 ,0,4/1/19
0,1,The Jtrain Podcast,$0 ,1,4/1/19
0,8,The Mike O'Meara Show,$0 ,0,4/1/19
13,48,The Morning Toast,$0 ,26,4/1/19
0,0,The Newsworthy,$0 ,1,4/1/19
2,8,The Real Life Podcast,$0 ,5,4/1/19
2,3,The Skinny Confidential,$0 ,5,4/1/19
1,2,The Struggle Well Project,$0 ,3,4/1/19
0,0,The Tai Lopez Show,$0 ,0,4/1/19
1,5,The Vanished,$0 ,5,4/1/19
7,80,True Crime Garage,"$4,918 ",15,4/1/19
2,5,Whine Down with Jana Kramer,$0 ,3,4/1/19
12,29,Wine and Crime,$0 ,20,4/1/19
0,1,Yogamazing,$0 ,0,4/1/19
0,2,Your Mom's House,$0 ,0,4/1/19
0,0,A Sandwich & Some Lovin,$0 ,1,4/8/19
0,0,AJ Benza: Fame is a Bitch,$0 ,0,4/8/19
0,0,Alison Rosen is Your New Best Friend,$0 ,0,4/8/19
0,2,An Acquired Taste,$0 ,3,4/8/19
0,0,Babes & Babies,$0 ,0,4/8/19
1,10,Bear Brook Podcast,$0 ,10,4/8/19
0,3,Beawcast,$0 ,1,4/8/19
0,3,Bertcasts Podcast,$0 ,2,4/8/19
1,8,Blank Check,$0 ,2,4/8/19
11,77,Call Her Daddy,$0 ,27,4/8/19
30,192,Casefile,$0 ,51,4/8/19
0,3,CoCo Caliente,$750 ,3,4/8/19
7,24,Coffee Convos,"$3,625 ",13,4/8/19
2,12,Cold Case Files,$0 ,10,4/8/19
14,82,Crime Junkie,$0 ,40,4/8/19
0,1,Dear Prudence,$0 ,1,4/8/19
0,0,Don't Keep Your Day Job,$0 ,0,4/8/19
21,55,For The Love,"$2,264 ",20,4/8/19
0,0,Forever35,$0 ,0,4/8/19
2,4,Happier in Hollywood,$0 ,11,4/8/19
11,53,Happier with Gretchen Rubin,$0 ,45,4/8/19
0,0,Harvesting Happiness,$0 ,0,4/8/19
0,1,Help! I Suck at Dating,$0 ,1,4/8/19
0,0,Hollywood Unlocked UNCENSORED,$0 ,0,4/8/19
1,1,Inside The Hive with Nick Bilton,$0 ,4,4/8/19
0,0,Keith and the Girl,$0 ,1,4/8/19
0,0,KFC Radio,$0 ,2,4/8/19
0,0,Lady to Lady,$0 ,2,4/8/19
0,15,LadyBrains,$0 ,1,4/8/19
0,5,LadyGang,$0 ,1,4/8/19
0,0,Meaningful Conversations,$0 ,0,4/8/19
5,24,Moms and Murder,$559 ,11,4/8/19
24,66,"Mueller, She Wrote","$3,059 ",51,4/8/19
0,0,Other,$0 ,71,4/8/19
2,10,Pete and Sebastian Show,$0 ,5,4/8/19
0,0,Political Gabfest,$0 ,11,4/8/19
0,0,Pop Talk with Ross Mathews,$0 ,2,4/8/19
0,0,Rob Has A Podcast,$0 ,0,4/8/19
0,1,Scrubbing In,$0 ,2,4/8/19
0,9,Sexy Marriage Radio,$529 ,0,4/8/19
0,6,Southern Fried True Crime,$460 ,3,4/8/19
0,0,Still Watching,$0 ,2,4/8/19
0,0,Story Worthy,$0 ,0,4/8/19
0,0,Stuff You Should Know,$0 ,0,4/8/19
0,0,Taste of Taylor,$0 ,1,4/8/19
1,5,The Big O and Dukes Podcast,$0 ,3,4/8/19
0,1,The Brain Candy Podcast,$0 ,1,4/8/19
2,6,The Brooklyn Boys,$0 ,3,4/8/19
0,0,The Cut on Tuesdays,"$3,529 ",0,4/8/19
0,0,The Daily Dish,$0 ,1,4/8/19
0,0,The Hagmann Report,$0 ,0,4/8/19
0,0,The Happy Never After Podcast,$0 ,0,4/8/19
2,5,The Jtrain Podcast,$375 ,7,4/8/19
0,12,The Mike O'Meara Show,$550 ,2,4/8/19
11,42,The Morning Toast,$0 ,26,4/8/19
1,3,The Newsworthy,$247 ,3,4/8/19
0,1,The Real Life Podcast,$0 ,2,4/8/19
0,0,The Skinny Confidential,$0 ,2,4/8/19
0,0,The Struggle Well Project,$0 ,0,4/8/19
0,1,The Tai Lopez Show,$0 ,0,4/8/19
0,6,The Vanished,$0 ,5,4/8/19
5,81,True Crime Garage,$0 ,16,4/8/19
0,2,Whine Down with Jana Kramer,$0 ,5,4/8/19
1,13,Wine and Crime,$0 ,19,4/8/19
0,1,With Friends Like These,$0 ,2,4/8/19
0,0,Yogamazing,$0 ,0,4/8/19
7,65,Your Mom's House,"$7,059 ",16,4/8/19
1,2,A Sandwich & Some Lovin,$0 ,2,4/15/19
0,0,AJ Benza: Fame is a Bitch,$0 ,0,4/15/19
0,0,Alison Rosen is Your New Best Friend,$0 ,0,4/15/19
3,16,An Acquired Taste,$775 ,8,4/15/19
0,0,Babes & Babies,$0 ,0,4/15/19
0,4,Bear Brook Podcast,$0 ,4,4/15/19
13,88,Beawcast,"$1,200 ",12,4/15/19
0,5,Bertcasts Podcast,$0 ,2,4/15/19
0,3,Blank Check,$0 ,0,4/15/19
13,52,Call Her Daddy,$0 ,34,4/15/19
8,47,Casefile,$0 ,27,4/15/19
0,4,CoCo Caliente,$0 ,1,4/15/19
1,16,Coffee Convos,$0 ,9,4/15/19
2,56,Cold Case Files,"$5,000 ",10,4/15/19
7,33,Crime Junkie,$0 ,33,4/15/19
0,0,Dear Prudence,$0 ,3,4/15/19
0,0,Don't Keep Your Day Job,$0 ,0,4/15/19
5,27,For The Love,$0 ,14,4/15/19
0,0,Forever35,$0 ,0,4/15/19
5,8,Happier in Hollywood,$750 ,23,4/15/19
5,27,Happier with Gretchen Rubin,$0 ,34,4/15/19
0,0,Harvesting Happiness,$0 ,0,4/15/19
0,0,Help! I Suck at Dating,$0 ,0,4/15/19
0,0,Hollywood Unlocked UNCENSORED,$0 ,0,4/15/19
0,1,Inside The Hive with Nick Bilton,$0 ,0,4/15/19
1,2,Keith and the Girl,$0 ,1,4/15/19
1,21,KFC Radio,"$3,200 ",10,4/15/19
0,1,Lady to Lady,$0 ,6,4/15/19
0,17,LadyBrains,$0 ,0,4/15/19
0,3,LadyGang,$0 ,3,4/15/19
0,0,Meaningful Conversations,$0 ,0,4/15/19
0,1,Moms and Murder,$0 ,5,4/15/19
2,13,"Mueller, She Wrote",$0 ,24,4/15/19
0,0,Other,$0 ,71,4/15/19
0,3,Pete and Sebastian Show,$0 ,5,4/15/19
7,32,Political Gabfest,"$7,618 ",27,4/15/19
0,0,Pop Talk with Ross Mathews,$0 ,0,4/15/19
0,0,Rob Has A Podcast,$0 ,0,4/15/19
0,0,Scrubbing In,$0 ,2,4/15/19
0,8,Sexy Marriage Radio,$0 ,0,4/15/19
3,7,Southern Fried True Crime,$0 ,2,4/15/19
0,1,Still Watching,$0 ,0,4/15/19
0,0,Story Worthy,$0 ,0,4/15/19
1,1,Stuff You Should Know,$0 ,0,4/15/19
0,0,Taste of Taylor,$0 ,1,4/15/19
0,1,The Big O and Dukes Podcast,$0 ,0,4/15/19
7,33,The Brain Candy Podcast,$810 ,11,4/15/19
0,1,The Brooklyn Boys,$0 ,2,4/15/19
0,0,The Cut on Tuesdays,$0 ,0,4/15/19
0,0,The Daily Dish,$0 ,4,4/15/19
0,1,The Hagmann Report,$0 ,0,4/15/19
0,2,The Happy Never After Podcast,$0 ,0,4/15/19
3,8,The Jtrain Podcast,$0 ,4,4/15/19
15,66,The Love Hour,$530 ,17,4/15/19
0,7,The Mike O'Meara Show,$0 ,2,4/15/19
9,27,The Morning Toast,$0 ,25,4/15/19
0,0,The Newsworthy,$0 ,2,4/15/19
0,2,The Real Life Podcast,$0 ,0,4/15/19
0,2,The Skinny Confidential,$0 ,4,4/15/19
0,0,The Struggle Well Project,$0 ,2,4/15/19
0,0,The Tai Lopez Show,$0 ,0,4/15/19
7,31,The Vanished,"$3,625 ",18,4/15/19
4,23,True Crime Garage,$0 ,26,4/15/19
0,1,Whine Down with Jana Kramer,$0 ,4,4/15/19
3,8,Wine and Crime,$0 ,14,4/15/19
0,0,With Friends Like These,$0 ,1,4/15/19
0,0,Yogamazing,$0 ,0,4/15/19
5,18,Your Mom's House,$0 ,10,4/15/19
1,1,A Sandwich & Some Lovin,$0 ,2,4/22/19
0,0,AJ Benza: Fame is a Bitch,$0 ,0,4/22/19
0,0,Alison Rosen is Your New Best Friend,$0 ,0,4/22/19
3,14,An Acquired Taste,$0 ,3,4/22/19
0,0,Babes & Babies,$0 ,0,4/22/19
2,5,Bear Brook Podcast,"$3,500 ",9,4/22/19
1,10,Beawcast,$0 ,0,4/22/19
2,4,Bertcasts Podcast,$0 ,0,4/22/19
4,28,Blank Check,"$1,114 ",5,4/22/19
4,44,Call Her Daddy,"$6,825 ",17,4/22/19
7,55,Casefile,$0 ,20,4/22/19
0,1,CoCo Caliente,$0 ,3,4/22/19
0,3,Coffee Convos,$0 ,3,4/22/19
0,26,Cold Case Files,$0 ,4,4/22/19
2,35,Crime Junkie,$0 ,15,4/22/19
0,0,Dear Prudence,$0 ,3,4/22/19
0,0,Don't Keep Your Day Job,$0 ,0,4/22/19
6,45,For The Love,$0 ,13,4/22/19
0,0,Forever35,$0 ,0,4/22/19
2,8,Happier in Hollywood,$0 ,37,4/22/19
38,126,Happier with Gretchen Rubin,"$4,950 ",97,4/22/19
0,0,Harvesting Happiness,"$3,500 ",0,4/22/19
0,1,Help! I Suck at Dating,$0 ,3,4/22/19
0,0,Hollywood Unlocked UNCENSORED,$0 ,0,4/22/19
3,8,Inside The Hive with Nick Bilton,"$1,000 ",4,4/22/19
0,0,Keith and the Girl,$0 ,0,4/22/19
0,1,KFC Radio,$0 ,4,4/22/19
0,0,Lady to Lady,$0 ,2,4/22/19
0,22,LadyBrains,$0 ,0,4/22/19
13,56,LadyGang,"$3,700 ",16,4/22/19
0,0,Meaningful Conversations,$0 ,0,4/22/19
0,0,Moms and Murder,$0 ,1,4/22/19
1,4,"Mueller, She Wrote",$0 ,16,4/22/19
0,0,Other,$0 ,78,4/22/19
0,2,Pete and Sebastian Show,$0 ,1,4/22/19
2,25,Political Gabfest,$0 ,14,4/22/19
0,0,Pop Talk with Ross Mathews,$0 ,1,4/22/19
0,0,Rob Has A Podcast,$0 ,0,4/22/19
0,0,Scrubbing In,$0 ,0,4/22/19
0,3,Sexy Marriage Radio,$0 ,1,4/22/19
0,1,Southern Fried True Crime,$0 ,3,4/22/19
0,0,Still Watching,$0 ,2,4/22/19
0,0,Story Worthy,$0 ,0,4/22/19
0,2,Stuff You Should Know,$0 ,0,4/22/19
0,0,Taste of Taylor,$388 ,0,4/22/19
0,0,The Big O and Dukes Podcast,$0 ,1,4/22/19
1,17,The Brain Candy Podcast,$0 ,3,4/22/19
0,5,The Brooklyn Boys,$0 ,0,4/22/19
0,0,The Chalene Show,$0 ,0,4/22/19
0,0,The Cut on Tuesdays,$0 ,0,4/22/19
0,0,The Daily Dish,$0 ,0,4/22/19
0,2,The Hagmann Report,$0 ,0,4/22/19
1,1,The Happy Never After Podcast,$0 ,0,4/22/19
1,4,The Jtrain Podcast,$0 ,1,4/22/19
4,19,The Love Hour,$0 ,9,4/22/19
1,10,The Mike O'Meara Show,$0 ,5,4/22/19
15,53,The Morning Toast,"$2,950 ",30,4/22/19
1,6,The Newsworthy,$247 ,3,4/22/19
0,0,The Real Life Podcast,$600 ,3,4/22/19
7,33,The Skinny Confidential,"$7,647 ",12,4/22/19
1,1,The Struggle Well Project,$0 ,2,4/22/19
0,0,The Tai Lopez Show,$0 ,0,4/22/19
2,7,The Vanished,$0 ,7,4/22/19
2,12,True Crime Garage,$0 ,10,4/22/19
0,5,Whine Down with Jana Kramer,$0 ,0,4/22/19
8,34,Wine and Crime,"$2,372 ",19,4/22/19
6,34,With Friends Like These,"$4,000 ",8,4/22/19
0,0,Yogamazing,$0 ,0,4/22/19
1,10,Your Mom's House,$0 ,7,4/22/19
2,6,A Sandwich & Some Lovin,$700 ,5,4/29/19
0,0,AJ Benza: Fame is a Bitch,$0 ,0,4/29/19
0,0,Alison Rosen is Your New Best Friend,$0 ,0,4/29/19
2,5,An Acquired Taste,$0 ,2,4/29/19
0,0,Babes & Babies,$0 ,0,4/29/19
1,4,Bear Brook Podcast,$0 ,4,4/29/19
0,3,Beawcast,$0 ,0,4/29/19
0,2,Bertcasts Podcast,$0 ,0,4/29/19
5,28,Blank Check,$0 ,9,4/29/19
10,52,Call Her Daddy,$0 ,17,4/29/19
23,163,Casefile,"$12,500 ",32,4/29/19
0,0,CoCo Caliente,$0 ,2,4/29/19
5,25,Coffee Convos,"$3,625 ",8,4/29/19
3,40,Cold Case Files,$0 ,12,4/29/19
5,58,Crime Junkie,$0 ,23,4/29/19
3,12,Dear Prudence,"$1,059 ",4,4/29/19
0,0,Don't Keep Your Day Job,$0 ,0,4/29/19
0,1,Family Ghosts,$0 ,0,4/29/19
3,17,For The Love,$0 ,4,4/29/19
0,0,Forever35,$0 ,0,4/29/19
0,4,Happier in Hollywood,$0 ,19,4/29/19
13,64,Happier with Gretchen Rubin,$0 ,48,4/29/19
0,0,Harvesting Happiness,$0 ,0,4/29/19
1,10,Help! I Suck at Dating,"$2,300 ",3,4/29/19
0,0,Hollywood Unlocked UNCENSORED,$0 ,0,4/29/19
2,4,Inside The Hive with Nick Bilton,$0 ,4,4/29/19
0,0,Keith and the Girl,$0 ,0,4/29/19
1,3,KFC Radio,$0 ,3,4/29/19
0,4,Lady to Lady,$400 ,1,4/29/19
0,1,LadyBrains,$270 ,1,4/29/19
2,7,LadyGang,$0 ,5,4/29/19
0,0,Meaningful Conversations,$0 ,0,4/29/19
4,19,Moms and Murder,$559 ,7,4/29/19
15,67,"Mueller, She Wrote","$3,059 ",49,4/29/19
0,0,Other,$0 ,45,4/29/19
1,1,Pete and Sebastian Show,$375 ,4,4/29/19
0,1,Political Gabfest,$0 ,4,4/29/19
0,2,Pop Talk with Ross Mathews,$0 ,0,4/29/19
0,0,Rob Has A Podcast,$0 ,0,4/29/19
0,0,Scrubbing In,$0 ,0,4/29/19
0,0,Sexy Marriage Radio,$0 ,0,4/29/19
0,1,Southern Fried True Crime,$460 ,0,4/29/19
9,18,Still Watching,"$1,500 ",17,4/29/19
0,0,Story Worthy,$0 ,0,4/29/19
0,1,Stuff Mom Never Told You,$0 ,1,4/29/19
0,2,Stuff You Should Know,$0 ,3,4/29/19
0,0,Hollywood Unlocked UNCENSORED,$0 ,0,5/6/19
0,0,Hollywood Unlocked UNCENSORED,$0 ,0,5/13/19
0,0,Don't Keep Your Day Job,$0 ,0,5/6/19
0,0,Don't Keep Your Day Job,$0 ,0,5/13/19
0,1,Lady to Lady,$0 ,0,5/6/19
0,0,Alison Rosen is Your New Best Friend,$0 ,0,5/6/19
0,0,Lady to Lady,$0 ,1,5/13/19
0,0,Alison Rosen is Your New Best Friend,$0 ,0,5/13/19
0,0,Story Worthy,$0 ,0,5/6/19
0,0,Story Worthy,$0 ,0,5/13/19
0,0,The Daily Dish,$0 ,0,4/29/19
0,0,The Daily Dish,$0 ,0,5/6/19
0,0,The Daily Dish,$0 ,0,5/13/19
0,0,The Tai Lopez Show,$0 ,0,4/29/19
0,0,The Tai Lopez Show,$0 ,0,5/6/19
0,0,The Tai Lopez Show,$0 ,0,5/13/19
0,0,The Big O and Dukes Podcast,$0 ,0,4/29/19
0,0,The Big O and Dukes Podcast,$600 ,0,5/6/19
0,0,The Big O and Dukes Podcast,$0 ,1,5/13/19
3,10,Stuff You Should Know,"$6,525 ",9,5/6/19
0,7,Stuff You Should Know,$0 ,13,5/13/19
1,3,Still Watching,$0 ,5,5/6/19
0,0,Still Watching,$0 ,2,5/13/19
0,3,Your Mom's House,$0 ,2,4/29/19
0,0,Keith and the Girl,$0 ,0,5/6/19
0,2,Your Mom's House,$0 ,2,5/6/19
1,8,Beawcast,$0 ,1,5/6/19
0,0,Keith and the Girl,$0 ,0,5/13/19
8,52,Your Mom's House,"$7,059 ",19,5/13/19
11,107,Beawcast,"$1,200 ",7,5/13/19
0,11,The Skinny Confidential,$0 ,3,4/29/19
2,13,The Love Hour,$0 ,5,4/29/19
3,6,The Love Hour,$0 ,2,5/6/19
6,50,The Skinny Confidential,"$7,647 ",17,5/6/19
6,16,The Skinny Confidential,$0 ,10,5/13/19
7,46,The Love Hour,$530 ,12,5/13/19
0,2,Trumpcast,$0 ,0,5/6/19
0,0,Political Gabfest,$0 ,3,5/6/19
2,11,"Mueller, She Wrote",$0 ,14,5/6/19
0,0,Trumpcast,"$3,044 ",1,5/13/19
0,0,Political Gabfest,$0 ,6,5/13/19
18,83,"Mueller, She Wrote","$3,059 ",43,5/13/19
5,38,The Real Life Podcast,$0 ,9,4/29/19
1,7,The Real Life Podcast,$0 ,6,5/6/19
2,27,The Real Life Podcast,$600 ,6,5/13/19
0,1,The Viall Files,$0 ,0,4/29/19
0,42,CoCo Caliente,$750 ,2,5/6/19
4,34,The Viall Files,"$1,250 ",8,5/6/19
0,4,CoCo Caliente,$0 ,0,5/13/19
6,22,The Viall Files,$0 ,7,5/13/19
0,0,Forever35,$0 ,0,5/6/19
0,0,Harvesting Happiness,$0 ,0,5/6/19
0,0,Forever35,$0 ,0,5/13/19
0,0,Harvesting Happiness,$0 ,0,5/13/19
0,0,Taste of Taylor,$0 ,0,4/29/19
4,24,The Morning Toast,$0 ,11,4/29/19
2,6,Taste of Taylor,$0 ,2,5/6/19
3,20,The Morning Toast,$0 ,10,5/6/19
6,30,Call Her Daddy,$0 ,15,5/6/19
2,4,Taste of Taylor,$0 ,2,5/13/19
6,38,Call Her Daddy,$0 ,16,5/13/19
34,145,The Morning Toast,"$2,950 ",54,5/13/19
0,0,The Chalene Show,$0 ,0,4/29/19
0,0,Happier in Hollywood,$0 ,15,5/6/19
0,0,The Chalene Show,$0 ,0,5/6/19
21,91,Happier with Gretchen Rubin,"$4,800 ",76,5/6/19
0,3,Happier in Hollywood,$0 ,8,5/13/19
0,0,The Chalene Show,$0 ,0,5/13/19
4,30,Happier with Gretchen Rubin,$0 ,44,5/13/19
1,6,The Struggle Well Project,$279 ,3,4/29/19
0,0,Babes & Babies,$0 ,0,5/6/19
1,3,The Struggle Well Project,$0 ,3,5/6/19
0,3,The Struggle Well Project,$0 ,0,5/13/19
0,0,Babes & Babies,$0 ,0,5/13/19
0,0,The Newsworthy,$0 ,0,4/29/19
4,23,With Friends Like These,$0 ,9,4/29/19
1,6,The Newsworthy,$247 ,4,5/6/19
3,8,With Friends Like These,$0 ,12,5/6/19
0,0,The Newsworthy,$0 ,1,5/13/19
1,3,With Friends Like These,$0 ,4,5/13/19
0,6,For The Love,$0 ,2,5/6/19
8,27,For The Love,"$2,264 ",14,5/13/19
0,1,Ologies,$0 ,0,5/13/19
0,0,The Cut on Tuesdays,$0 ,0,4/29/19
1,7,The Brain Candy Podcast,$0 ,0,4/29/19
0,0,LadyBrains,$0 ,1,5/6/19
0,0,Meaningful Conversations,$0 ,0,5/6/19
0,4,An Acquired Taste,$0 ,3,5/6/19
0,7,The Brain Candy Podcast,$0 ,0,5/6/19
0,1,LadyGang,$0 ,2,5/6/19
0,0,The Cut on Tuesdays,"$3,529 ",0,5/6/19
0,0,Family Ghosts,"$4,500 ",0,5/6/19
2,2,Stuff Mom Never Told You,"$3,625 ",5,5/6/19
4,12,Coffee Convos,$0 ,11,5/6/19
0,2,LadyBrains,$0 ,0,5/13/19
0,0,Meaningful Conversations,$0 ,0,5/13/19
0,0,The Cut on Tuesdays,$0 ,0,5/13/19
1,4,An Acquired Taste,$775 ,5,5/13/19
1,7,Stuff Mom Never Told You,$0 ,4,5/13/19
1,7,Coffee Convos,$0 ,9,5/13/19
1,9,Family Ghosts,$0 ,4,5/13/19
3,17,The Brain Candy Podcast,$810 ,7,5/13/19
3,6,LadyGang,$0 ,8,5/13/19
0,0,Whine Down with Jana Kramer,$0 ,0,4/29/19
0,0,Scrubbing In,$0 ,0,5/6/19
0,0,Whine Down with Jana Kramer,$0 ,0,5/6/19
1,1,Scrubbing In,$0 ,0,5/13/19
2,6,Whine Down with Jana Kramer,$0 ,0,5/13/19
0,3,The Vanished,$0 ,6,4/29/19
0,0,Southern Fried True Crime,$0 ,1,5/6/19
0,5,Moms and Murder,$0 ,5,5/6/19
1,2,The Vanished,$0 ,2,5/6/19
7,50,Crime Junkie,$0 ,17,5/6/19
0,1,Southern Fried True Crime,$0 ,4,5/13/19
0,1,The Vanished,$0 ,6,5/13/19
2,3,Moms and Murder,$0 ,5,5/13/19
6,46,Crime Junkie,$0 ,23,5/13/19
0,4,The Jtrain Podcast,$0 ,1,4/29/19
0,0,The Brooklyn Boys,$890 ,1,4/29/19
0,0,Pete and Sebastian Show,$0 ,1,5/6/19
1,9,The Jtrain Podcast,$375 ,5,5/6/19
1,4,The Brooklyn Boys,$0 ,2,5/6/19
1,3,KFC Radio,$0 ,3,5/6/19
0,0,Pete and Sebastian Show,$0 ,0,5/13/19
0,4,The Brooklyn Boys,$0 ,3,5/13/19
1,8,The Jtrain Podcast,$0 ,5,5/13/19
6,39,KFC Radio,"$3,200 ",11,5/13/19
0,0,Yogamazing,$0 ,0,4/29/19
0,0,Yogamazing,$0 ,0,5/6/19
0,3,Dear Prudence,$0 ,1,5/6/19
2,16,Sexy Marriage Radio,$0 ,2,5/6/19
0,0,Yogamazing,$0 ,0,5/13/19
0,3,Sexy Marriage Radio,$529 ,0,5/13/19
0,1,Dear Prudence,$0 ,2,5/13/19
0,2,Inside The Hive with Nick Bilton,$0 ,0,5/6/19
0,0,Bear Brook Podcast,$0 ,2,5/6/19
0,0,Bear Brook Podcast,$0 ,3,5/13/19
1,4,Inside The Hive with Nick Bilton,$0 ,0,5/13/19
0,1,The Bellas,$0 ,0,4/29/19
0,0,AJ Benza: Fame is a Bitch,$0 ,0,5/6/19
0,2,Good Life Project,$0 ,1,5/6/19
1,2,Pop Talk with Ross Mathews,$250 ,5,5/6/19
17,72,The Bellas,"$7,500 ",21,5/6/19
0,0,AJ Benza: Fame is a Bitch,$0 ,0,5/13/19
0,0,Pop Talk with Ross Mathews,$0 ,2,5/13/19
3,30,Good Life Project,"$3,450 ",3,5/13/19
6,29,The Bellas,$0 ,7,5/13/19
0,0,Rob Has A Podcast,$0 ,0,5/6/19
0,3,Help! I Suck at Dating,$0 ,1,5/6/19
1,9,Blank Check,$0 ,2,5/6/19
0,0,Rob Has A Podcast,$0 ,0,5/13/19
0,7,Blank Check,$0 ,1,5/13/19
1,1,Help! I Suck at Dating,$0 ,0,5/13/19
9,102,True Crime Garage,"$4,918 ",31,4/29/19
0,0,Jensen and Holes: The Murder Squad,"$2,206 ",0,5/6/19
0,21,Cold Case Files,$0 ,3,5/6/19
2,47,True Crime Garage,$0 ,11,5/6/19
11,116,Casefile,$0 ,24,5/6/19
0,0,Jensen and Holes: The Murder Squad,$0 ,0,5/13/19
0,22,Cold Case Files,$0 ,5,5/13/19
1,19,True Crime Garage,$0 ,11,5/13/19
4,69,Casefile,$0 ,17,5/13/19
0,4,The Happy Never After Podcast,$290 ,0,4/29/19
1,5,A Sandwich & Some Lovin,$0 ,1,5/6/19
2,13,The Happy Never After Podcast,$0 ,0,5/6/19
0,0,A Sandwich & Some Lovin,$0 ,1,5/13/19
1,5,The Happy Never After Podcast,$0 ,0,5/13/19
1,20,Wine and Crime,$0 ,13,4/29/19
3,21,Wine and Crime,$0 ,14,5/6/19
1,5,Wine and Crime,$0 ,16,5/13/19
0,5,The Mike O'Meara Show,$0 ,0,4/29/19
0,0,Bertcasts Podcast,$0 ,0,5/6/19
2,9,The Mike O'Meara Show,$550 ,3,5/6/19
0,7,The Mike O'Meara Show,$0 ,0,5/13/19
1,1,Bertcasts Podcast,$0 ,0,5/13/19
0,1,The Hagmann Report,$0 ,0,4/29/19
0,3,The Hagmann Report,$0 ,0,5/6/19
0,1,The Hagmann Report,$0 ,0,5/13/19
0,0,Other,$0 ,51,5/6/19
0,0,Other,$0 ,69,5/13/19